genero,edad,area,modalidad_cursado,nombre_de_la_oferta,fecha_inicio,finalizacion
Masculino,44,Direccion general cuerpo de agentes de transito,Concurso,Convocatoria interna para agentes de transito,09-06-2021,11-06-2021
Femenino,42,Direccion general primer nivel de atencion,Concurso,Convocatoria interna para agentes de transito,09-06-2021,11-06-2021
Femenino,49,Delegacion municipal,Concurso,Convocatoria interna para agentes de transito,09-06-2021,11-06-2021
Masculino,33,Direccion general de obras hidricas,Concurso,Convocatoria interna para agentes de transito,09-06-2021,11-06-2021
Femenino,33,Secretaria de movilidad urbana y seguridad ciudadana,Concurso,Convocatoria interna para agentes de transito,09-06-2021,11-06-2021
Femenino,40,Subsecretaria de transito y seguridad vial,Concurso,Convocatoria interna para agentes de transito,09-06-2021,11-06-2021
Masculino,35,Recoleccion de residuos,Concurso,Convocatoria interna para agentes de transito,09-06-2021,11-06-2021
Femenino,43,Salud,Concurso,Convocatoria interna para agentes de transito,09-06-2021,11-06-2021
Femenino,41,Subsecretaria de transito y seguridad vial,Concurso,Convocatoria interna para agentes de transito,09-06-2021,11-06-2021
NULL,NULL,Auxiliar de playa guardia y secuestros,Concurso,Convocatoria interna para agentes de transito,09-06-2021,11-06-2021
Femenino,40,Direccion general cuerpo de agentes de transito,Concurso,Convocatoria interna para agentes de transito,09-06-2021,11-06-2021
Masculino,32,Delegacion municipal,Concurso,Convocatoria interna para agentes de transito,09-06-2021,11-06-2021
Femenino,32,Subsecretaria de transito y seguridad vial,Concurso,Convocatoria interna para agentes de transito,09-06-2021,11-06-2021
Masculino,45,Direccion residuos peligrosos toxico y patologicos,Concurso,Convocatoria interna para agentes de transito,09-06-2021,11-06-2021
Masculino,32,Delegacion municipal,Concurso,Convocatoria interna para agentes de transito,09-06-2021,11-06-2021
Masculino,48,Subsecretaria de transito y seguridad vial,Concurso,Convocatoria interna para agentes de transito,09-06-2021,11-06-2021
Masculino,44,Delegacion municipal,Concurso,Convocatoria interna para agentes de transito,09-06-2021,11-06-2021
Masculino,41,Subsecretaria de transito y seguridad vial,Concurso,Convocatoria interna para agentes de transito,09-06-2021,11-06-2021
Masculino,32,Subsecretaria de transito y seguridad vial,Concurso,Convocatoria interna para agentes de transito,09-06-2021,11-06-2021
Femenino,42,Subsecretaria de transito y seguridad vial,Concurso,Convocatoria interna para agentes de transito,09-06-2021,11-06-2021
Masculino,32,Subsecretaria de transito y seguridad vial,Concurso,Convocatoria interna para agentes de transito,09-06-2021,11-06-2021
Masculino,33,Direccion general de recoleccion de residuos,Concurso,Convocatoria interna para agentes de transito,09-06-2021,11-06-2021
Femenino,34,Subsecretaria de turismo,Concurso,Convocatoria interna para agentes de transito,09-06-2021,11-06-2021
Masculino,37,Subsecretaria de transito y seguridad vial,Concurso,Convocatoria interna para agentes de transito,09-06-2021,11-06-2021
Masculino,36,Subsecretaria de transito y seguridad vial,Concurso,Convocatoria interna para agentes de transito,09-06-2021,11-06-2021
Femenino,34,Palacio municipal,Concurso,Convocatoria interna para agentes de transito,09-06-2021,11-06-2021
Femenino,31,Subsecretaria de transito,Concurso,Convocatoria interna para agentes de transito,09-06-2021,11-06-2021
Femenino,40,Direccion de orientacion laboral,Charla,Rcp y primeros auxilios,07-07-2021,07-07-2021
Femenino,58,Atencion al ciudadano,Charla,Rcp y primeros auxilios,07-07-2021,07-07-2021
Femenino,47,Subsecretaria de deportes,Charla,Rcp y primeros auxilios,07-07-2021,07-07-2021
Femenino,42,Subsecretaria de educacion,Charla,Rcp y primeros auxilios,07-07-2021,07-07-2021
Femenino,44,Direccion general de despacho,Charla,Rcp y primeros auxilios,07-07-2021,07-07-2021
Femenino,53,Subsecretaria de salud,Charla,Rcp y primeros auxilios,07-07-2021,07-07-2021
Femenino,48,Subsecretaria de salud,Charla,Rcp y primeros auxilios,07-07-2021,07-07-2021
Femenino,29,Direccion de habilitaciones de transporte de cargas y particulares,Charla,Rcp y primeros auxilios,07-07-2021,07-07-2021
Femenino,44,Saps,Charla,Rcp y primeros auxilios,07-07-2021,07-07-2021
Masculino,34,Saps,Charla,Rcp y primeros auxilios,07-07-2021,07-07-2021
Femenino,35,Direccion general rrhh,Charla,Rcp y primeros auxilios,07-07-2021,07-07-2021
Femenino,34,Direccion general de seguridad vial,Charla,Rcp y primeros auxilios,07-07-2021,07-07-2021
NULL,NULL,Direccion general rrhh,Charla,Rcp y primeros auxilios,07-07-2021,07-07-2021
Femenino,59,Orquesta municipal,Charla,Rcp y primeros auxilios,07-07-2021,07-07-2021
Femenino,44,Saps,Charla,Rcp y primeros auxilios,07-07-2021,07-07-2021
Femenino,52,Direccion de coordinacion logistica y operativos,Charla,Rcp y primeros auxilios,07-07-2021,07-07-2021
Femenino,38,Direccion general de despacho,Charla,Rcp y primeros auxilios,07-07-2021,07-07-2021
Femenino,44,Secretaria hcd,Charla,Rcp y primeros auxilios,07-07-2021,07-07-2021
Masculino,44,Tribunal de faltas,Charla,Rcp y primeros auxilios,07-07-2021,07-07-2021
Femenino,46,Atencion primaria de salud,Charla,Rcp y primeros auxilios,07-07-2021,07-07-2021
Masculino,42,Transito y seguridad vial,Charla,Rcp y primeros auxilios,07-07-2021,07-07-2021
Masculino,39,Direccion de zoonosis,Charla,Rcp y primeros auxilios,07-07-2021,07-07-2021
Femenino,31,Direccion general de zoonosis,Charla,Rcp y primeros auxilios,07-07-2021,07-07-2021
Femenino,46,Saps,Charla,Rcp y primeros auxilios,07-07-2021,07-07-2021
Femenino,48,Guardia urbana,Charla,Rcp y primeros auxilios,07-07-2021,07-07-2021
Femenino,36,Saps,Charla,Rcp y primeros auxilios,07-07-2021,07-07-2021
Femenino,37,Juzgado de faltas,Charla,Rcp y primeros auxilios,07-07-2021,07-07-2021
Femenino,50,Salud,Charla,Rcp y primeros auxilios,07-07-2021,07-07-2021
Masculino,26,Direccion general de zoonosis,Curso,Innovacion digital herramientas para la busqueda laboral,13-07-2021,13-07-2021
Femenino,35,Direccion de agricultura periurbana,Curso,Innovacion digital herramientas para la busqueda laboral,13-07-2021,13-07-2021
Masculino,46,Subsecretaria de educacion,Curso,Innovacion digital herramientas para la busqueda laboral,13-07-2021,13-07-2021
Masculino,34,Direccion general de fiscalizacion urbana,Curso,Innovacion digital herramientas para la busqueda laboral,13-07-2021,13-07-2021
Femenino,29,Departamento de sube control y gestion,Curso,Innovacion digital herramientas para la busqueda laboral,13-07-2021,13-07-2021
Femenino,44,Secretaria juzgado,Curso,Innovacion digital herramientas para la busqueda laboral,13-07-2021,13-07-2021
Femenino,45,Personal de cupo hcd,Curso,Innovacion digital herramientas para la busqueda laboral,13-07-2021,13-07-2021
Femenino,47,Direccion general cuerpo de agentes de transito,Curso,Innovacion digital herramientas para la busqueda laboral,13-07-2021,13-07-2021
Masculino,45,Personal de cupo hcd,Curso,Innovacion digital herramientas para la busqueda laboral,13-07-2021,13-07-2021
Masculino,61,Hacienda,Curso,Innovacion digital herramientas para la busqueda laboral,13-07-2021,13-07-2021
Femenino,31,Defensoria de los vecinos,Curso,Innovacion digital herramientas para la busqueda laboral,13-07-2021,13-07-2021
Femenino,39,Subsecretaria de transporte urbano,Curso,Innovacion digital herramientas para la busqueda laboral,13-07-2021,13-07-2021
Masculino,47,Secretaria juzgado,Curso,Innovacion digital herramientas para la busqueda laboral,13-07-2021,13-07-2021
Femenino,39,Subsecretaria de transito,Curso,Innovacion digital herramientas para la busqueda laboral,13-07-2021,13-07-2021
Femenino,42,Direccion de inspectores de obras,Curso,Innovacion digital herramientas para la busqueda laboral,13-07-2021,13-07-2021
Femenino,49,Direccion general de politicas ambientales y economia social,Curso,Innovacion digital herramientas para la busqueda laboral,13-07-2021,13-07-2021
Masculino,41,Delegacion municipal,Curso,Innovacion digital herramientas para la busqueda laboral,13-07-2021,13-07-2021
Femenino,37,Direccion de gestion social,Curso,Innovacion digital herramientas para la busqueda laboral,13-07-2021,13-07-2021
Femenino,54,Tribunal de faltas,Curso,Innovacion digital herramientas para la busqueda laboral,13-07-2021,13-07-2021
Masculino,39,Juzgado administrativo de faltas,Curso,Innovacion digital herramientas para la busqueda laboral,13-07-2021,13-07-2021
Masculino,-,Sin dato,Curso,Innovacion digital herramientas para la busqueda laboral,13-07-2021,13-07-2021
Masculino,46,Juzgado administrativo de faltas,Curso,Innovacion digital herramientas para la busqueda laboral,13-07-2021,13-07-2021
Femenino,43,direccion general primer nivel de atencion,Curso,Innovacion digital herramientas para la busqueda laboral,13-07-2021,13-07-2021
Femenino,25,Guardia urbana,Curso,Innovacion digital herramientas para la busqueda laboral,13-07-2021,13-07-2021
NULL,NULL,Direccion general cuerpo de agentes de transito,Curso,Innovacion digital herramientas para la busqueda laboral,13-07-2021,13-07-2021
Femenino,40,Direccion general cuerpo de agentes de transito,Curso,Innovacion digital herramientas para la busqueda laboral,13-07-2021,13-07-2021
Femenino,42,Departamento previsional,Curso,Innovacion digital herramientas para la busqueda laboral,13-07-2021,13-07-2021
Masculino,50,Direccion general cuerpo de agentes de transito,Curso,Innovacion digital herramientas para la busqueda laboral,13-07-2021,13-07-2021
Masculino,43,Direccion general de recoleccion de residuos,Curso,Innovacion digital herramientas para la busqueda laboral,13-07-2021,13-07-2021
Masculino,39,Direccion general de recoleccion de residuos,Curso,Innovacion digital herramientas para la busqueda laboral,13-07-2021,13-07-2021
Masculino,45,Subsecretaria de transito y seguridad vial,Curso,Innovacion digital herramientas para la busqueda laboral,13-07-2021,13-07-2021
Femenino,36,Direccion general de atencion y cercania ciudadana,Curso,Innovacion digital herramientas para la busqueda laboral,13-07-2021,13-07-2021
Femenino,27,Departamento previsional,Curso,Innovacion digital herramientas para la busqueda laboral,13-07-2021,13-07-2021
NULL,NULL,Atencion al ciudadano,Curso,Innovacion digital herramientas para la busqueda laboral,13-07-2021,13-07-2021
Femenino,35,Direccion general rrhh,Curso,Innovacion digital herramientas para la busqueda laboral,13-07-2021,13-07-2021
Femenino,37,Departamento de verificacion ambiental,Curso,Innovacion digital herramientas para la busqueda laboral,13-07-2021,13-07-2021
Masculino,33,Direccion de agricultura periurbana,Curso,Innovacion digital herramientas para la busqueda laboral,13-07-2021,13-07-2021
NULL,NULL,Agente sanitario,Curso,Innovacion digital herramientas para la busqueda laboral,13-07-2021,13-07-2021
Femenino,36,Direccion general de atencion y cercania ciudadana,Curso,Innovacion digital herramientas para la busqueda laboral,13-07-2021,13-07-2021
Masculino,61,Direccion general primer nivel de atencion,Curso,Innovacion digital herramientas para la busqueda laboral,13-07-2021,13-07-2021
Masculino,36,Direccion de personal,Curso,Innovacion digital herramientas para la busqueda laboral,13-07-2021,13-07-2021
Femenino,54,Division de jefes oficiales,Curso,Innovacion digital herramientas para la busqueda laboral,13-07-2021,13-07-2021
Femenino,32,Departamento de previsional,Curso,Innovacion digital herramientas para la busqueda laboral,13-07-2021,13-07-2021
Masculino,53,Departamento mesa de entrada,Curso,Innovacion digital herramientas para la busqueda laboral,13-07-2021,13-07-2021
Femenino,29,Subsecretaria de transito y seguridad vial,Curso,Innovacion digital herramientas para la busqueda laboral,13-07-2021,13-07-2021
Masculino,25,Deparmento de control de asistencia,Curso,Innovacion digital herramientas para la busqueda laboral,13-07-2021,13-07-2021
Femenino,52,Delegacion municipal,Curso,Innovacion digital herramientas para la busqueda laboral,13-07-2021,13-07-2021
Femenino,64,Direccion general de atencion y cercania ciudadana,Curso,Innovacion digital herramientas para la busqueda laboral,13-07-2021,13-07-2021
NULL,NULL,Sin dato,Curso,Innovacion digital herramientas para la busqueda laboral,13-07-2021,13-07-2021
Femenino,42,Direccion general de atencion y cercania ciudadana,Curso,Innovacion digital herramientas para la busqueda laboral,13-07-2021,13-07-2021
Femenino,31,Turismo cultura y deportes,Curso,Innovacion digital herramientas para la busqueda laboral,13-07-2021,13-07-2021
Masculino,44,Juzgado administrativo de faltas,Curso,Innovacion digital herramientas para la busqueda laboral,13-07-2021,13-07-2021
Femenino,34,Direccion de supervision de personal,Curso,Innovacion digital herramientas para la busqueda laboral,13-07-2021,13-07-2021
Femenino,41,Departamento de sube control y gestion,Curso,Innovacion digital herramientas para la busqueda laboral,13-07-2021,13-07-2021
Femenino,29,Cdi mitai roga,Curso,Innovacion digital herramientas para la busqueda laboral,13-07-2021,13-07-2021
Masculino,52,Division de legajos,Curso,Innovacion digital herramientas para la busqueda laboral,13-07-2021,13-07-2021
Femenino,33,Direccion de empleo,Curso,Innovacion digital herramientas para la busqueda laboral,13-07-2021,13-07-2021
Femenino,26,Direccion de desempeno y potencial,Curso,Innovacion digital herramientas para la busqueda laboral,13-07-2021,13-07-2021
NULL,NULL,Atencion al ciudadano,Curso,Innovacion digital herramientas para la busqueda laboral,13-07-2021,13-07-2021
Femenino,41,Guardia urbana,Curso,Innovacion digital herramientas para la busqueda laboral,13-07-2021,13-07-2021
Masculino,53,Subsecretaria de contralor ambiental,Curso,Innovacion digital herramientas para la busqueda laboral,13-07-2021,13-07-2021
Femenino,37,Tribunal de faltas,Curso,Innovacion digital herramientas para la busqueda laboral,13-07-2021,13-07-2021
Masculino,55,Departamento de radio municipal,Curso,Innovacion digital herramientas para la busqueda laboral,13-07-2021,13-07-2021
Femenino,41,Caja municipal de prestamos,Curso,Innovacion digital herramientas para la busqueda laboral,13-07-2021,13-07-2021
Femenino,46,Direccion general primer nivel de atencion,Curso,Innovacion digital herramientas para la busqueda laboral,13-07-2021,13-07-2021
Femenino,28,Direccion de obras particulares,Curso,Innovacion digital herramientas para la busqueda laboral,13-07-2021,13-07-2021
Masculino,36,Subsecretaria de transito y seguridad vial,Curso,Innovacion digital herramientas para la busqueda laboral,13-07-2021,13-07-2021
Femenino,34,Subsecretaria de transito y seguridad vial,Curso,Innovacion digital herramientas para la busqueda laboral,13-07-2021,13-07-2021
Femenino,51,Coordinacion de gobierno,Curso,Innovacion digital herramientas para la busqueda laboral,13-07-2021,13-07-2021
Femenino,52,Direccion general de gestion de espacios verdes,Curso,Innovacion digital herramientas para la busqueda laboral,13-07-2021,13-07-2021
Femenino,52,Direccion de inspeccion de obras,Curso,Innovacion digital herramientas para la busqueda laboral,13-07-2021,13-07-2021
Femenino,44,Estacionamiento medido,Curso,Innovacion digital herramientas para la busqueda laboral,13-07-2021,13-07-2021
Femenino,23,Departamento via publica y espacios publicos,Curso,Innovacion digital herramientas para la busqueda laboral,13-07-2021,13-07-2021
Femenino,31,Subsecretaria de transito y seguridad vial,Curso,Innovacion digital herramientas para la busqueda laboral,13-07-2021,13-07-2021
Femenino,55,Direccion gestion de deudas,Curso,Innovacion digital herramientas para la busqueda laboral,13-07-2021,13-07-2021
Femenino,24,Direccion general de atencion y cercania ciudadana,Curso,Innovacion digital herramientas para la busqueda laboral,13-07-2021,13-07-2021
Femenino,52,Juzgado administrativo de faltas,Curso,Innovacion digital herramientas para la busqueda laboral,13-07-2021,13-07-2021
Masculino,42,Direccion de empleo,Curso,Innovacion digital herramientas para la busqueda laboral,13-07-2021,13-07-2021
NULL,NULL,Direccion de empleo,Curso,Innovacion digital herramientas para la busqueda laboral,13-07-2021,13-07-2021
Femenino,45,Sin dato,Curso,Innovacion digital herramientas para la busqueda laboral,13-07-2021,13-07-2021
Masculino,46,Subsecretaria de educacion,Curso,Innovacion digital herramientas para la busqueda laboral,13-07-2021,13-07-2021
Femenino,29,Departamento de sube control y gestion,Curso,Innovacion digital herramientas para la busqueda laboral,13-07-2021,13-07-2021
Femenino,44,Secretaria juzgado,Curso,Innovacion digital herramientas para la busqueda laboral,13-07-2021,13-07-2021
Masculino,47,Secretaria juzgado,Curso,Innovacion digital herramientas para la busqueda laboral,13-07-2021,13-07-2021
Femenino,49,Direccion general de politicas ambientales y economia social,Curso,Innovacion digital herramientas para la busqueda laboral,13-07-2021,13-07-2021
Masculino,41,Delegacion municipal,Curso,Innovacion digital herramientas para la busqueda laboral,13-07-2021,13-07-2021
Femenino,43,direccion general primer nivel de atencion,Curso,Innovacion digital herramientas para la busqueda laboral,13-07-2021,13-07-2021
Femenino,37,Departamento de verificacion ambiental,Curso,Innovacion digital herramientas para la busqueda laboral,13-07-2021,13-07-2021
Masculino,61,Direccion general primer nivel de atencion,Curso,Innovacion digital herramientas para la busqueda laboral,13-07-2021,13-07-2021
Femenino,29,Subsecretaria de transito y seguridad vial,Curso,Innovacion digital herramientas para la busqueda laboral,13-07-2021,13-07-2021
Masculino,25,Deparmento de control de asistencia,Curso,Innovacion digital herramientas para la busqueda laboral,13-07-2021,13-07-2021
Masculino,44,Juzgado administrativo de faltas,Curso,Innovacion digital herramientas para la busqueda laboral,13-07-2021,13-07-2021
Femenino,41,Departamento de sube control y gestion,Curso,Innovacion digital herramientas para la busqueda laboral,13-07-2021,13-07-2021
Femenino,29,Cdi mitai roga,Curso,Innovacion digital herramientas para la busqueda laboral,13-07-2021,13-07-2021
Femenino,33,Direccion de empleo,Curso,Innovacion digital herramientas para la busqueda laboral,13-07-2021,13-07-2021
Masculino,53,Subsecretaria de contralor ambiental,Curso,Innovacion digital herramientas para la busqueda laboral,13-07-2021,13-07-2021
Femenino,52,Direccion general de gestion de espacios verdes,Curso,Innovacion digital herramientas para la busqueda laboral,13-07-2021,13-07-2021
Femenino,52,Direccion de inspeccion de obras,Curso,Innovacion digital herramientas para la busqueda laboral,13-07-2021,13-07-2021
Femenino,44,Estacionamiento medido,Curso,Innovacion digital herramientas para la busqueda laboral,13-07-2021,13-07-2021
Femenino,55,Direccion gestion de deudas,Curso,Innovacion digital herramientas para la busqueda laboral,13-07-2021,13-07-2021
Masculino,46,Subsecretaria de educacion,Curso,Innovacion digital herramientas para la busqueda laboral,13-07-2021,13-07-2021
Femenino,29,Departamento de sube control y gestion,Curso,Innovacion digital herramientas para la busqueda laboral,13-07-2021,13-07-2021
Femenino,44,Secretaria juzgado,Curso,Innovacion digital herramientas para la busqueda laboral,13-07-2021,13-07-2021
Masculino,47,Secretaria juzgado,Curso,Innovacion digital herramientas para la busqueda laboral,13-07-2021,13-07-2021
Femenino,49,Direccion general de politicas ambientales y economia social,Curso,Innovacion digital herramientas para la busqueda laboral,13-07-2021,13-07-2021
Masculino,41,Delegacion municipal,Curso,Innovacion digital herramientas para la busqueda laboral,13-07-2021,13-07-2021
Femenino,37,Departamento de verificacion ambiental,Curso,Innovacion digital herramientas para la busqueda laboral,13-07-2021,13-07-2021
Masculino,61,Direccion general primer nivel de atencion,Curso,Innovacion digital herramientas para la busqueda laboral,13-07-2021,13-07-2021
Masculino,25,Deparmento de control de asistencia,Curso,Innovacion digital herramientas para la busqueda laboral,13-07-2021,13-07-2021
Masculino,44,Juzgado administrativo de faltas,Curso,Innovacion digital herramientas para la busqueda laboral,13-07-2021,13-07-2021
Femenino,41,Departamento de sube control y gestion,Curso,Innovacion digital herramientas para la busqueda laboral,13-07-2021,13-07-2021
Femenino,29,Cdi mitai roga,Curso,Innovacion digital herramientas para la busqueda laboral,13-07-2021,13-07-2021
Masculino,53,Subsecretaria de contralor ambiental,Curso,Innovacion digital herramientas para la busqueda laboral,13-07-2021,13-07-2021
Femenino,52,Direccion general de gestion de espacios verdes,Curso,Innovacion digital herramientas para la busqueda laboral,13-07-2021,13-07-2021
Femenino,52,Direccion de inspeccion de obras,Curso,Innovacion digital herramientas para la busqueda laboral,13-07-2021,13-07-2021
Femenino,44,Estacionamiento medido,Curso,Innovacion digital herramientas para la busqueda laboral,13-07-2021,13-07-2021
Femenino,55,Direccion gestion de deudas,Curso,Innovacion digital herramientas para la busqueda laboral,13-07-2021,13-07-2021
Masculino,46,Subsecretaria de educacion,Curso,Innovacion digital herramientas para la busqueda laboral,13-07-2021,13-07-2021
Femenino,29,Departamento de sube control y gestion,Curso,Innovacion digital herramientas para la busqueda laboral,13-07-2021,13-07-2021
Femenino,44,Secretaria juzgado,Curso,Innovacion digital herramientas para la busqueda laboral,13-07-2021,13-07-2021
Masculino,47,Secretaria juzgado,Curso,Innovacion digital herramientas para la busqueda laboral,13-07-2021,13-07-2021
Femenino,49,Direccion general de politicas ambientales y economia social,Curso,Innovacion digital herramientas para la busqueda laboral,13-07-2021,13-07-2021
Masculino,41,Delegacion municipal,Curso,Innovacion digital herramientas para la busqueda laboral,13-07-2021,13-07-2021
Femenino,43,direccion general primer nivel de atencion,Curso,Innovacion digital herramientas para la busqueda laboral,13-07-2021,13-07-2021
Femenino,37,Departamento de verificacion ambiental,Curso,Innovacion digital herramientas para la busqueda laboral,13-07-2021,13-07-2021
Masculino,33,Direccion de agricultura periurbana,Curso,Innovacion digital herramientas para la busqueda laboral,13-07-2021,13-07-2021
Masculino,61,Direccion general primer nivel de atencion,Curso,Innovacion digital herramientas para la busqueda laboral,13-07-2021,13-07-2021
Femenino,29,Subsecretaria de transito y seguridad vial,Curso,Innovacion digital herramientas para la busqueda laboral,13-07-2021,13-07-2021
Masculino,25,Deparmento de control de asistencia,Curso,Innovacion digital herramientas para la busqueda laboral,13-07-2021,13-07-2021
Masculino,44,Juzgado administrativo de faltas,Curso,Innovacion digital herramientas para la busqueda laboral,13-07-2021,13-07-2021
Femenino,41,Departamento de sube control y gestion,Curso,Innovacion digital herramientas para la busqueda laboral,13-07-2021,13-07-2021
Femenino,29,Cdi mitai roga,Curso,Innovacion digital herramientas para la busqueda laboral,13-07-2021,13-07-2021
Femenino,33,Direccion de empleo,Curso,Innovacion digital herramientas para la busqueda laboral,13-07-2021,13-07-2021
Femenino,41,Guardia urbana,Curso,Innovacion digital herramientas para la busqueda laboral,13-07-2021,13-07-2021
Masculino,53,Subsecretaria de contralor ambiental,Curso,Innovacion digital herramientas para la busqueda laboral,13-07-2021,13-07-2021
Femenino,46,Direccion general primer nivel de atencion,Curso,Innovacion digital herramientas para la busqueda laboral,13-07-2021,13-07-2021
Femenino,52,Direccion general de gestion de espacios verdes,Curso,Innovacion digital herramientas para la busqueda laboral,13-07-2021,13-07-2021
Femenino,44,Estacionamiento medido,Curso,Innovacion digital herramientas para la busqueda laboral,13-07-2021,13-07-2021
Femenino,55,Direccion gestion de deudas,Curso,Innovacion digital herramientas para la busqueda laboral,13-07-2021,13-07-2021
Masculino,46,Subsecretaria de educacion,Curso,Innovacion digital herramientas para la busqueda laboral,13-07-2021,13-07-2021
Femenino,44,Secretaria juzgado,Curso,Innovacion digital herramientas para la busqueda laboral,13-07-2021,13-07-2021
Masculino,47,Secretaria juzgado,Curso,Innovacion digital herramientas para la busqueda laboral,13-07-2021,13-07-2021
Femenino,49,Direccion general de politicas ambientales y economia social,Curso,Innovacion digital herramientas para la busqueda laboral,13-07-2021,13-07-2021
Masculino,41,Delegacion municipal,Curso,Innovacion digital herramientas para la busqueda laboral,13-07-2021,13-07-2021
Femenino,43,direccion general primer nivel de atencion,Curso,Innovacion digital herramientas para la busqueda laboral,13-07-2021,13-07-2021
Femenino,37,Departamento de verificacion ambiental,Curso,Innovacion digital herramientas para la busqueda laboral,13-07-2021,13-07-2021
Masculino,61,Direccion general primer nivel de atencion,Curso,Innovacion digital herramientas para la busqueda laboral,13-07-2021,13-07-2021
Masculino,25,Deparmento de control de asistencia,Curso,Innovacion digital herramientas para la busqueda laboral,13-07-2021,13-07-2021
Masculino,44,Juzgado administrativo de faltas,Curso,Innovacion digital herramientas para la busqueda laboral,13-07-2021,13-07-2021
Femenino,41,Departamento de sube control y gestion,Curso,Innovacion digital herramientas para la busqueda laboral,13-07-2021,13-07-2021
Femenino,29,Cdi mitai roga,Curso,Innovacion digital herramientas para la busqueda laboral,13-07-2021,13-07-2021
Masculino,53,Subsecretaria de contralor ambiental,Curso,Innovacion digital herramientas para la busqueda laboral,13-07-2021,13-07-2021
Femenino,52,Direccion general de gestion de espacios verdes,Curso,Innovacion digital herramientas para la busqueda laboral,13-07-2021,13-07-2021
Femenino,52,Direccion de inspeccion de obras,Curso,Innovacion digital herramientas para la busqueda laboral,13-07-2021,13-07-2021
Femenino,44,Estacionamiento medido,Curso,Innovacion digital herramientas para la busqueda laboral,13-07-2021,13-07-2021
Femenino,55,Direccion gestion de deudas,Curso,Innovacion digital herramientas para la busqueda laboral,13-07-2021,13-07-2021
Femenino,52,Cultura casa del bicentenario,Charla,Conversatorio a 11 anos de la sancion de la ley de matrimonio igualitario 26618,15-07-2021,15-07-2021
NULL,NULL,Atencion al ciudadano,Charla,Conversatorio a 11 anos de la sancion de la ley de matrimonio igualitario 26618,15-07-2021,15-07-2021
Masculino,35,Subsecretaria de contralor ambiental,Charla,Conversatorio a 11 anos de la sancion de la ley de matrimonio igualitario 26618,15-07-2021,15-07-2021
Femenino,54,Direccion de transporte,Charla,Conversatorio a 11 anos de la sancion de la ley de matrimonio igualitario 26618,15-07-2021,15-07-2021
NULL,NULL,Atencion al ciudadano,Charla,Conversatorio a 11 anos de la sancion de la ley de matrimonio igualitario 26618,15-07-2021,15-07-2021
Femenino,29,Subsecretaria de transporte,Charla,Conversatorio a 11 anos de la sancion de la ley de matrimonio igualitario 26618,15-07-2021,15-07-2021
Femenino,33,Delegacion municipal,Charla,Conversatorio a 11 anos de la sancion de la ley de matrimonio igualitario 26618,15-07-2021,15-07-2021
Femenino,48,Subsecreraria de coordinacion de politicas sociales,Charla,Conversatorio a 11 anos de la sancion de la ley de matrimonio igualitario 26618,15-07-2021,15-07-2021
Femenino,40,Delegacion municipal,Charla,Conversatorio a 11 anos de la sancion de la ley de matrimonio igualitario 26618,15-07-2021,15-07-2021
Femenino,30,Bromatologia y saneamiento,Charla,Conversatorio a 11 anos de la sancion de la ley de matrimonio igualitario 26618,15-07-2021,15-07-2021
Femenino,45,Asesor de concejal,Charla,Conversatorio a 11 anos de la sancion de la ley de matrimonio igualitario 26618,15-07-2021,15-07-2021
Femenino,46,Delegacion municipal,Charla,Conversatorio a 11 anos de la sancion de la ley de matrimonio igualitario 26618,15-07-2021,15-07-2021
NULL,NULL,Atencion al ciudadano,Charla,Conversatorio a 11 anos de la sancion de la ley de matrimonio igualitario 26618,15-07-2021,15-07-2021
Femenino,31,Direccion de genero y diversidad,Charla,Conversatorio a 11 anos de la sancion de la ley de matrimonio igualitario 26618,15-07-2021,15-07-2021
Femenino,42,Samun,Charla,Conversatorio a 11 anos de la sancion de la ley de matrimonio igualitario 26618,15-07-2021,15-07-2021
Femenino,66,Direccion de mediacion,Charla,Conversatorio a 11 anos de la sancion de la ley de matrimonio igualitario 26618,15-07-2021,15-07-2021
Femenino,45,Educacion,Charla,Conversatorio a 11 anos de la sancion de la ley de matrimonio igualitario 26618,15-07-2021,15-07-2021
Femenino,36,Atencion al ciudadano,Charla,Conversatorio a 11 anos de la sancion de la ley de matrimonio igualitario 26618,15-07-2021,15-07-2021
Masculino,28,Subsecretaria de politicas sociales,Charla,Conversatorio a 11 anos de la sancion de la ley de matrimonio igualitario 26618,15-07-2021,15-07-2021
NULL,NULL,Atencion al ciudadano,Charla,Conversatorio a 11 anos de la sancion de la ley de matrimonio igualitario 26618,15-07-2021,15-07-2021
Masculino,36,Director general de carnaval,Charla,Conversatorio a 11 anos de la sancion de la ley de matrimonio igualitario 26618,15-07-2021,15-07-2021
Femenino,62,Cdi mitai roga,Charla,Conversatorio a 11 anos de la sancion de la ley de matrimonio igualitario 26618,15-07-2021,15-07-2021
NULL,NULL,Direccion general de rrhh,Charla,Conversatorio a 11 anos de la sancion de la ley de matrimonio igualitario 26618,15-07-2021,15-07-2021
Femenino,34,Centro de informes,Charla,Conversatorio a 11 anos de la sancion de la ley de matrimonio igualitario 26618,15-07-2021,15-07-2021
Masculino,61,Salud,Charla,Conversatorio a 11 anos de la sancion de la ley de matrimonio igualitario 26618,15-07-2021,15-07-2021
Femenino,48,Subsecretaria de politicas sociales,Charla,Conversatorio a 11 anos de la sancion de la ley de matrimonio igualitario 26618,15-07-2021,15-07-2021
Femenino,39,Subsecretaria de politicas sociales,Charla,Conversatorio a 11 anos de la sancion de la ley de matrimonio igualitario 26618,15-07-2021,15-07-2021
Femenino,44,Instituto de derechos humanos,Charla,Conversatorio a 11 anos de la sancion de la ley de matrimonio igualitario 26618,15-07-2021,15-07-2021
Femenino,38,Guardia urbana,Charla,Conversatorio a 11 anos de la sancion de la ley de matrimonio igualitario 26618,15-07-2021,15-07-2021
Femenino,42,Direccion de ninez adolescencia y familia,Charla,Conversatorio a 11 anos de la sancion de la ley de matrimonio igualitario 26618,15-07-2021,15-07-2021
Femenino,52,Direccion de coordinacion logistica y operativos,Charla,Conversatorio a 11 anos de la sancion de la ley de matrimonio igualitario 26618,15-07-2021,15-07-2021
Femenino,40,Educacion,Charla,Conversatorio a 11 anos de la sancion de la ley de matrimonio igualitario 26618,15-07-2021,15-07-2021
Femenino,41,Direccion de habilitaciones de transporte de carga y particulares,Charla,Conversatorio a 11 anos de la sancion de la ley de matrimonio igualitario 26618,15-07-2021,15-07-2021
Femenino,43,Centro emisor licencia,Charla,Conversatorio a 11 anos de la sancion de la ley de matrimonio igualitario 26618,15-07-2021,15-07-2021
Masculino,28,Direccion de capacitacion y desarrollo,Charla,Conversatorio a 11 anos de la sancion de la ley de matrimonio igualitario 26618,15-07-2021,15-07-2021
Femenino,51,Direccion de capacitacion y empleo,Charla,Conversatorio a 11 anos de la sancion de la ley de matrimonio igualitario 26618,15-07-2021,15-07-2021
Femenino,46,Saps,Charla,Conversatorio a 11 anos de la sancion de la ley de matrimonio igualitario 26618,15-07-2021,15-07-2021
Femenino,48,Guardia urbana,Charla,Conversatorio a 11 anos de la sancion de la ley de matrimonio igualitario 26618,15-07-2021,15-07-2021
Femenino,52,Secretaria de ambiente,Charla,Conversatorio a 11 anos de la sancion de la ley de matrimonio igualitario 26618,15-07-2021,15-07-2021
Femenino,55,Acor,Charla,Conversatorio a 11 anos de la sancion de la ley de matrimonio igualitario 26618,15-07-2021,15-07-2021
Femenino,24,Contralor ambiental,Charla,Conversatorio a 11 anos de la sancion de la ley de matrimonio igualitario 26618,15-07-2021,15-07-2021
Femenino,37,Juzgado de faltas,Charla,Conversatorio a 11 anos de la sancion de la ley de matrimonio igualitario 26618,15-07-2021,15-07-2021
Femenino,50,Salud,Charla,Conversatorio a 11 anos de la sancion de la ley de matrimonio igualitario 26618,15-07-2021,15-07-2021
Femenino,33,Subsecretaria de politicas sociales,Charla,Conversatorio a 11 anos de la sancion de la ley de matrimonio igualitario 26618,15-07-2021,15-07-2021
Femenino,42,Saps,Charla,Conversatorio a 11 anos de la sancion de la ley de matrimonio igualitario 26618,15-07-2021,15-07-2021
Femenino,32,Direccion de kinesiologia,Jornada,Actualizacion interdisciplinar de kinesiolologia,04-08-2021,08-09-2021
Masculino,59,Salud,Jornada,Actualizacion interdisciplinar de kinesiolologia,04-08-2021,08-09-2021
NULL,NULL,Saps,Jornada,Actualizacion interdisciplinar de kinesiolologia,04-08-2021,08-09-2021
Femenino,56,Salud,Jornada,Actualizacion interdisciplinar de kinesiolologia,04-08-2021,08-09-2021
Femenino,56,Saps,Jornada,Actualizacion interdisciplinar de kinesiolologia,04-08-2021,08-09-2021
Femenino,57,Saps,Jornada,Actualizacion interdisciplinar de kinesiolologia,04-08-2021,08-09-2021
Masculino,55,Saps,Jornada,Actualizacion interdisciplinar de kinesiolologia,04-08-2021,08-09-2021
Femenino,50,Saps,Jornada,Actualizacion interdisciplinar de kinesiolologia,04-08-2021,08-09-2021
NULL,NULL,Caps,Jornada,Actualizacion interdisciplinar de kinesiolologia,04-08-2021,08-09-2021
NULL,NULL,Atencion al ciudadano,Taller,Stand up contra el acoso callejero,12-08-21,12-08-21
Femenino,29,Subsecretaria de transporte,Taller,Stand up contra el acoso callejero,12-08-21,12-08-21
Femenino,42,Guardia urbana,Taller,Stand up contra el acoso callejero,12-08-21,12-08-21
Femenino,38,Direccion de delegaciones,Taller,Stand up contra el acoso callejero,12-08-21,12-08-21
Femenino,52,Direccion coordinacion logistica,Taller,Stand up contra el acoso callejero,12-08-21,12-08-21
Femenino,41,Direccion de habilitaciones,Taller,Stand up contra el acoso callejero,12-08-21,12-08-21
Masculino,43,Estacionamiento medido,Taller,Stand up contra el acoso callejero,12-08-21,12-08-21
Femenino,37,Coordinacion general,Taller,Stand up contra el acoso callejero,12-08-21,12-08-21
Femenino,43,Transporte publico,Taller,Stand up contra el acoso callejero,12-08-21,12-08-21
Femenino,48,Guardia urbana,Taller,Stand up contra el acoso callejero,12-08-21,12-08-21
Femenino,52,Secretaria de ambiente,Taller,Stand up contra el acoso callejero,12-08-21,12-08-21
Femenino,36,Administrativa,Taller,Stand up contra el acoso callejero,12-08-21,12-08-21
Masculino,46,Direccion de transito,Taller,Buenas practicas para la gestion de quejas y reclamos,13-08-2021,31-08-2021
NULL,NULL,Atencion al ciudadano,Taller,Buenas practicas para la gestion de quejas y reclamos,13-08-2021,31-08-2021
Femenino,58,Atencion al ciudadano,Taller,Buenas practicas para la gestion de quejas y reclamos,13-08-2021,31-08-2021
NULL,NULL,Atencion al ciudadano,Taller,Buenas practicas para la gestion de quejas y reclamos,13-08-2021,31-08-2021
Femenino,47,Subsecretaria de deportes,Taller,Buenas practicas para la gestion de quejas y reclamos,13-08-2021,31-08-2021
Femenino,42,Cdi mitai roga ,Taller,Buenas practicas para la gestion de quejas y reclamos,13-08-2021,31-08-2021
Femenino,33,Delegaciones municipales,Taller,Buenas practicas para la gestion de quejas y reclamos,13-08-2021,31-08-2021
Femenino,39,Obras particulares,Taller,Buenas practicas para la gestion de quejas y reclamos,13-08-2021,31-08-2021
Femenino,48,Subsecretaria de salud,Taller,Buenas practicas para la gestion de quejas y reclamos,13-08-2021,31-08-2021
Femenino,31,Subsecretaria de contralor,Taller,Buenas practicas para la gestion de quejas y reclamos,13-08-2021,31-08-2021
NULL,NULL,Atencion al ciudadano,Taller,Buenas practicas para la gestion de quejas y reclamos,13-08-2021,31-08-2021
Masculino,40,Direccion de despacho,Taller,Buenas practicas para la gestion de quejas y reclamos,13-08-2021,31-08-2021
Femenino,29,Transporte,Taller,Buenas practicas para la gestion de quejas y reclamos,13-08-2021,31-08-2021
Femenino,44,Saps,Taller,Buenas practicas para la gestion de quejas y reclamos,13-08-2021,31-08-2021
Femenino,42,Samun,Taller,Buenas practicas para la gestion de quejas y reclamos,13-08-2021,31-08-2021
Femenino,36,Subsecretaria de educacion,Taller,Buenas practicas para la gestion de quejas y reclamos,13-08-2021,31-08-2021
Femenino,35,Sube,Taller,Buenas practicas para la gestion de quejas y reclamos,13-08-2021,31-08-2021
Femenino,-,Atencion al ciudadano,Taller,Buenas practicas para la gestion de quejas y reclamos,13-08-2021,31-08-2021
Femenino,55,Direccion de desarrollo tecnologia,Taller,Buenas practicas para la gestion de quejas y reclamos,13-08-2021,31-08-2021
NULL,NULL,Centro emision de licencias,Taller,Buenas practicas para la gestion de quejas y reclamos,13-08-2021,31-08-2021
NULL,NULL,Atencion al ciudadano,Taller,Buenas practicas para la gestion de quejas y reclamos,13-08-2021,31-08-2021
Femenino,62,Direccion de ninez,Taller,Buenas practicas para la gestion de quejas y reclamos,13-08-2021,31-08-2021
Masculino,34,Saps,Taller,Buenas practicas para la gestion de quejas y reclamos,13-08-2021,31-08-2021
NULL,NULL,Atencion al ciudadano,Taller,Buenas practicas para la gestion de quejas y reclamos,13-08-2021,31-08-2021
Masculino,43,Subsecretaria de transporte,Taller,Buenas practicas para la gestion de quejas y reclamos,13-08-2021,31-08-2021
Masculino,43,Subsecretaria de transporte,Taller,Buenas practicas para la gestion de quejas y reclamos,13-08-2021,31-08-2021
Femenino,46,Direccion de transito,Taller,Buenas practicas para la gestion de quejas y reclamos,13-08-2021,31-08-2021
Masculino,29,Hcd,Taller,Buenas practicas para la gestion de quejas y reclamos,13-08-2021,31-08-2021
Femenino,40,Educacion,Taller,Buenas practicas para la gestion de quejas y reclamos,13-08-2021,31-08-2021
Femenino,22,Delegaciones municipales,Taller,Buenas practicas para la gestion de quejas y reclamos,13-08-2021,31-08-2021
NULL,NULL,Sin dato,Taller,Buenas practicas para la gestion de quejas y reclamos,13-08-2021,31-08-2021
Femenino,41,Direccion de transporte,Taller,Buenas practicas para la gestion de quejas y reclamos,13-08-2021,31-08-2021
Masculino,39,Zoonosis,Taller,Buenas practicas para la gestion de quejas y reclamos,13-08-2021,31-08-2021
NULL,NULL,Atencion al ciudadano,Taller,Buenas practicas para la gestion de quejas y reclamos,13-08-2021,31-08-2021
Femenino,41,Subsecretaria desarrollo humano,Taller,Buenas practicas para la gestion de quejas y reclamos,13-08-2021,31-08-2021
Femenino,29,Subsecretaria de transporte,Taller,Buenas practicas para la gestion de quejas y reclamos,13-08-2021,31-08-2021
Femenino,37,Coordinacion general,Taller,Buenas practicas para la gestion de quejas y reclamos,13-08-2021,31-08-2021
Femenino,43,Transporte urbano,Taller,Buenas practicas para la gestion de quejas y reclamos,13-08-2021,31-08-2021
Femenino,52,Direccion de espacios verdes,Taller,Buenas practicas para la gestion de quejas y reclamos,13-08-2021,31-08-2021
Femenino,44,Estacionamiento medido,Taller,Buenas practicas para la gestion de quejas y reclamos,13-08-2021,31-08-2021
NULL,NULL,Atencion al ciudadano,Taller,Buenas practicas para la gestion de quejas y reclamos,13-08-2021,31-08-2021
Femenino,55,Acor,Taller,Buenas practicas para la gestion de quejas y reclamos,13-08-2021,31-08-2021
Femenino,24,Contralor ambiental,Taller,Buenas practicas para la gestion de quejas y reclamos,13-08-2021,31-08-2021
Femenino,37,Juzgado de faltas,Taller,Buenas practicas para la gestion de quejas y reclamos,13-08-2021,31-08-2021
NULL,NULL,Caja municipal,Taller,Buenas practicas para la gestion de quejas y reclamos,13-08-2021,31-08-2021
Femenino,40,Delegacion municipal,Charla,Rcp y primeros auxilios,18-08-2021,18-08-2021
Femenino,33,Delegacion municipal,Charla,Rcp y primeros auxilios,18-08-2021,18-08-2021
Femenino,55,"Direccion de desarrollo, apliacion y mantenimiento de la tecnologia",Charla,Rcp y primeros auxilios,18-08-2021,18-08-2021
Femenino,31,Guardia urbana,Charla,Rcp y primeros auxilios,18-08-2021,18-08-2021
Femenino,52,Direccion de coordinacion logistica y operativos,Charla,Rcp y primeros auxilios,18-08-2021,18-08-2021
Femenino,40,Direccion general de rrhh,Charla,Rcp y primeros auxilios,18-08-2021,18-08-2021
Femenino,36,Administrativo,Charla,Rcp y primeros auxilios,18-08-2021,18-08-2021
Femenino,52,Cultura,Curso,Estrategias comunicativas para la resolucion de conflictos,19-08-2021,26-08-2021
Femenino,51,Casa del bicentenario,Curso,Estrategias comunicativas para la resolucion de conflictos,19-08-2021,26-08-2021
Femenino,29,Subsecretaria de transporte,Curso,Estrategias comunicativas para la resolucion de conflictos,19-08-2021,26-08-2021
Femenino,47,Subsecretaria de deporte,Curso,Estrategias comunicativas para la resolucion de conflictos,19-08-2021,26-08-2021
Femenino,42,Delegacion municipal,Curso,Estrategias comunicativas para la resolucion de conflictos,19-08-2021,26-08-2021
Masculino,61,Subsecretaria de salud,Curso,Estrategias comunicativas para la resolucion de conflictos,19-08-2021,26-08-2021
Masculino,43,Direccion de habilitaciones de transporte,Curso,Estrategias comunicativas para la resolucion de conflictos,19-08-2021,26-08-2021
Femenino,41,Direccion de habilitaciones de transporte de carga y particulares,Curso,Estrategias comunicativas para la resolucion de conflictos,19-08-2021,26-08-2021
Femenino,43,Subsecretaria de comercio,Curso,Estrategias comunicativas para la resolucion de conflictos,19-08-2021,26-08-2021
Femenino,37,Coordinacion general,Curso,Estrategias comunicativas para la resolucion de conflictos,19-08-2021,26-08-2021
Femenino,52,Secretaria de ambiente,Curso,Estrategias comunicativas para la resolucion de conflictos,19-08-2021,26-08-2021
Femenino,36,Administrativo,Curso,Estrategias comunicativas para la resolucion de conflictos,19-08-2021,26-08-2021
NULL,NULL,Division Archivos,Jornada,"Mas atencion, mejor atencion: hablemos de inclusion",20-08-2021,20-08-2021
Masculino,-,Sin dato,Jornada,"Mas atencion, mejor atencion: hablemos de inclusion",20-08-2021,20-08-2021
NULL,NULL,Subsecretaria de coordinacion de politicas sociales,Jornada,"Mas atencion, mejor atencion: hablemos de inclusion",20-08-2021,20-08-2021
Femenino,46,Direccion general de la ninez,Jornada,"Mas atencion, mejor atencion: hablemos de inclusion",20-08-2021,20-08-2021
Femenino,32,Subsecretaria de coordinacion de politicas sociales,Jornada,"Mas atencion, mejor atencion: hablemos de inclusion",20-08-2021,20-08-2021
Femenino,48,Subsecretaria de coordinacion de politicas sociales,Jornada,"Mas atencion, mejor atencion: hablemos de inclusion",20-08-2021,20-08-2021
Femenino,39,Subsecretaria de coordinacion de politicas sociales,Jornada,"Mas atencion, mejor atencion: hablemos de inclusion",20-08-2021,20-08-2021
NULL,NULL,Subsecretaria de coordinacion de politicas sociales,Jornada,"Mas atencion, mejor atencion: hablemos de inclusion",20-08-2021,20-08-2021
Femenino,42,Subsecretaria de coordinacion de politicas sociales,Jornada,"Mas atencion, mejor atencion: hablemos de inclusion",20-08-2021,20-08-2021
Femenino,31,Subsecretaria de coordinacion de politicas sociales,Jornada,"Mas atencion, mejor atencion: hablemos de inclusion",20-08-2021,20-08-2021
Femenino,29,Subsecretaria de transporte,Taller,Trabajo en equipo,25-08-2021,01-09-2021
Femenino,33,Delegacion municipal,Taller,Trabajo en equipo,25-08-2021,01-09-2021
Masculino,44,Subsecretaria de transporte,Taller,Trabajo en equipo,25-08-2021,01-09-2021
Femenino,35,Sube,Taller,Trabajo en equipo,25-08-2021,01-09-2021
Femenino,38,Delegacion municipal,Taller,Trabajo en equipo,25-08-2021,01-09-2021
Femenino,55,Direccion de desarrollo aplicacion y mantenimiento de la tecnologia,Taller,Trabajo en equipo,25-08-2021,01-09-2021
Masculino,61,Subsecretaria de salud,Taller,Trabajo en equipo,25-08-2021,01-09-2021
Femenino,58,Aoem,Taller,Trabajo en equipo,25-08-2021,01-09-2021
Masculino,43,Subsecretaria de transito,Taller,Trabajo en equipo,25-08-2021,01-09-2021
Femenino,29,Subsecretaria de transito,Taller,Trabajo en equipo,25-08-2021,01-09-2021
Femenino,52,Direccion de coordinacion logistica y operativos,Taller,Trabajo en equipo,25-08-2021,01-09-2021
Femenino,30,Delegacion municipal,Taller,Trabajo en equipo,25-08-2021,01-09-2021
Femenino,36,Administrativo,Taller,Trabajo en equipo,25-08-2021,01-09-2021
Femenino,39,Delegacion municipal,Curso,Curso basico de computacion,27-08-2021,17-09-2021
Masculino,54,Uso de suelo,Curso,Curso basico de computacion,27-08-2021,17-09-2021
Masculino,60,Gestion de deuda,Curso,Curso basico de computacion,27-08-2021,17-09-2021
Femenino,38,Delegacion municipal,Curso,Curso basico de computacion,27-08-2021,17-09-2021
NULL,NULL,Secretaria de modernizacion,Jornada,Prevencion contra incendios,27-08-2021,27-08-2021
Femenino,29,Direccion de habilitaciones de transporte,Jornada,Prevencion contra incendios,27-08-2021,27-08-2021
Femenino,42,Samum,Jornada,Prevencion contra incendios,27-08-2021,27-08-2021
Femenino,31,Cultura,Jornada,Prevencion contra incendios,27-08-2021,27-08-2021
NULL,NULL,Atencion al ciudadano,Jornada,Prevencion contra incendios,27-08-2021,27-08-2021
Femenino,34,Direccion general de seguridad vial,Jornada,Prevencion contra incendios,27-08-2021,27-08-2021
NULL,NULL,Direccion de rrhh,Jornada,Prevencion contra incendios,27-08-2021,27-08-2021
Femenino,59,Orquesta municipal,Jornada,Prevencion contra incendios,27-08-2021,27-08-2021
NULL,NULL,Guardia urbana,Jornada,Prevencion contra incendios,27-08-2021,27-08-2021
Femenino,46,Transito,Jornada,Prevencion contra incendios,27-08-2021,27-08-2021
Femenino,40,Cdi mitai roga,Jornada,Prevencion contra incendios,27-08-2021,27-08-2021
Femenino,22,Delegacion municipal,Jornada,Prevencion contra incendios,27-08-2021,27-08-2021
Femenino,45,Acor,Jornada,Prevencion contra incendios,27-08-2021,27-08-2021
Femenino,51,Subsecretaria de capacitacion y empleo,Jornada,Prevencion contra incendios,27-08-2021,27-08-2021
Masculino,39,Direccion de zoonosis,Jornada,Prevencion contra incendios,27-08-2021,27-08-2021
Masculino,35,Subsecretaria de infraestructura hidraulica,Jornada,Prevencion contra incendios,27-08-2021,27-08-2021
Masculino,43,Estacionamiento medido,Jornada,Prevencion contra incendios,27-08-2021,27-08-2021
Femenino,41,Guardia urbana,Jornada,Prevencion contra incendios,27-08-2021,27-08-2021
NULL,NULL,Atencion al ciudadano,Jornada,Prevencion contra incendios,27-08-2021,27-08-2021
Femenino,31,Direccion de transito,Jornada,Prevencion contra incendios,27-08-2021,27-08-2021
Femenino,63,Cdi,Jornada,Prevencion contra incendios,27-08-2021,27-08-2021
Femenino,42,Com,Curso,Herramientas de google,07-09-2021,21-09-2021
Femenino,43,Subsecretaria de capacitacion y empleo,Curso,Herramientas de google,07-09-2021,21-09-2021
Femenino,50,Saps,Curso,Herramientas de google,07-09-2021,21-09-2021
Femenino,51,Subsecretaria de capacitacion y empleo,Curso,Herramientas de google,07-09-2021,21-09-2021
Masculino,39,Direccion de zoonosis,Curso,Herramientas de google,07-09-2021,21-09-2021
Femenino,43,Transporte,Curso,Herramientas de google,07-09-2021,21-09-2021
Femenino,48,Guardia urbana,Curso,Herramientas de google,07-09-2021,21-09-2021
Femenino,36,Cdi 1 Mitai roga,Taller,Stand up contra el acoso callejero,08-09-2021,08-09-2021
Femenino,46,Recursos humanos,Taller,Stand up contra el acoso callejero,08-09-2021,08-09-2021
Femenino,55,Herramientas,Taller,Stand up contra el acoso callejero,08-09-2021,08-09-2021
NULL,NULL,Servicio juridico permanente,Taller,Stand up contra el acoso callejero,08-09-2021,08-09-2021
Femenino,38,Cdi 4 Mitai roga,Taller,Stand up contra el acoso callejero,08-09-2021,08-09-2021
Femenino,35,Infraestructura hidraulica,Taller,Stand up contra el acoso callejero,08-09-2021,08-09-2021
Femenino,46,Guardia urbana,Taller,Stand up contra el acoso callejero,08-09-2021,08-09-2021
Femenino,35,Cdi Mitai roga,Taller,Stand up contra el acoso callejero,08-09-2021,08-09-2021
NULL,NULL,Sin dato,Taller,Stand up contra el acoso callejero,08-09-2021,08-09-2021
Femenino,48,Desarrollo humano,Taller,Stand up contra el acoso callejero,08-09-2021,08-09-2021
Masculino,43,Atencion al ciudadano,Taller,Stand up contra el acoso callejero,08-09-2021,08-09-2021
Femenino,48,Atencion al ciudadano,Taller,Stand up contra el acoso callejero,08-09-2021,08-09-2021
Femenino,52,Recursos humanos,Taller,Stand up contra el acoso callejero,08-09-2021,08-09-2021
Femenino,-,Cdi Mitai roga,Taller,Stand up contra el acoso callejero,08-09-2021,08-09-2021
Femenino,49,Atencion al ciudadano,Taller,Stand up contra el acoso callejero,08-09-2021,08-09-2021
Masculino,42,Recursos humanos,Taller,Stand up contra el acoso callejero,08-09-2021,08-09-2021
Masculino,48,Guardia urbana,Taller,Stand up contra el acoso callejero,08-09-2021,08-09-2021
Femenino,43,Transito y seguridad vial,Taller,Stand up contra el acoso callejero,08-09-2021,08-09-2021
Femenino,48,Coordinacion general,Taller,Stand up contra el acoso callejero,08-09-2021,08-09-2021
Femenino,40,Delegacion municipal,Taller,Stand up contra el acoso callejero,08-09-2021,08-09-2021
Femenino,37,Division de centro de control y abastecimiento,Taller,Normativas,09-09-2021,09-09-2021
Masculino,57,Direccion general de bromatologia,Taller,Normativas,09-09-2021,09-09-2021
Masculino,37,Subsecretaria de contralor ambiental,Taller,Normativas,09-09-2021,09-09-2021
Masculino,45,Direccion general de bromatologia,Taller,Normativas,09-09-2021,09-09-2021
Masculino,61,Direccion de inspeccion comercial,Taller,Normativas,09-09-2021,09-09-2021
Masculino,52,Direccion de inspeccion comercial,Taller,Normativas,09-09-2021,09-09-2021
Masculino,56,Direccion de inspeccion comercial,Taller,Normativas,09-09-2021,09-09-2021
Femenino,47,Subsecretaria de deporte,Curso,Word avanzado,16-09-2021,07-10-2021
Femenino,42,Samun,Curso,Word avanzado,16-09-2021,07-10-2021
Femenino,-,Cdi mitai roga,Curso,Word avanzado,16-09-2021,07-10-2021
NULL,NULL,Direccion de rrhh,Curso,Word avanzado,16-09-2021,07-10-2021
Femenino,34,Direccion Adultos Mayores,Curso,Word avanzado,16-09-2021,07-10-2021
Masculino,39,Zoonosis,Curso,Word avanzado,16-09-2021,07-10-2021
Femenino,40,Direccion general de Adultos Mayores,Curso,Word avanzado,16-09-2021,07-10-2021
Femenino,41,Secretaria de desarrollo humano,Curso,Word avanzado,16-09-2021,07-10-2021
Femenino,39,Direccion general de adultos mayores,Curso,Word avanzado,16-09-2021,07-10-2021
Femenino,38,Direccion de delegaciones,Curso,Word avanzado,16-09-2021,07-10-2021
Femenino,55,Sub secretaria de contralor ambiental,Curso,Word avanzado,16-09-2021,07-10-2021
Femenino,58,Atencion al ciudadano,Taller,Transformacion pacifica de conflictos,22-09-2021,29-09-2021
NULL,NULL,Atencion al ciudadano,Taller,Transformacion pacifica de conflictos,22-09-2021,29-09-2021
Femenino,41,Caja municipal,Taller,Transformacion pacifica de conflictos,22-09-2021,29-09-2021
Femenino,31,Atencion al ciudadano,Taller,Transformacion pacifica de conflictos,22-09-2021,29-09-2021
Masculino,44,Sac 0800,Taller,Transformacion pacifica de conflictos,22-09-2021,29-09-2021
Femenino,40,Sac 0800,Taller,Transformacion pacifica de conflictos,22-09-2021,29-09-2021
Femenino,41,Direcccion general de rrhh,Taller,Transformacion pacifica de conflictos,22-09-2021,29-09-2021
Masculino,39,Direccion general de rrhh,Taller,Transformacion pacifica de conflictos,22-09-2021,29-09-2021
Femenino,33,Direccion general de atencion y cercania ciudadana,Taller,Transformacion pacifica de conflictos,22-09-2021,29-09-2021
Femenino,-,Subsecretaria contralor ambiental,Taller,Transformacion pacifica de conflictos,22-09-2021,29-09-2021
Masculino,23,Direccion general atencion y cercania ciudadana,Taller,Transformacion pacifica de conflictos,22-09-2021,29-09-2021
Femenino,36,Atencion al ciudadano,Taller,Transformacion pacifica de conflictos,22-09-2021,29-09-2021
NULL,NULL,Centro emisor de licencia,Taller,Transformacion pacifica de conflictos,22-09-2021,29-09-2021
NULL,NULL,Centro emisor de licencia,Taller,Transformacion pacifica de conflictos,22-09-2021,29-09-2021
Femenino,50,Atencion al cuidadano,Taller,Transformacion pacifica de conflictos,22-09-2021,29-09-2021
Femenino,50,Atencion al ciudadano,Taller,Transformacion pacifica de conflictos,22-09-2021,29-09-2021
Femenino,32,Direccion general de recursos humanos,Taller,Transformacion pacifica de conflictos,22-09-2021,29-09-2021
Femenino,35,Sac 0800,Taller,Transformacion pacifica de conflictos,22-09-2021,29-09-2021
Femenino,35,Atencion al ciudadano,Taller,Transformacion pacifica de conflictos,22-09-2021,29-09-2021
Femenino,31,Sac 0800,Taller,Transformacion pacifica de conflictos,22-09-2021,29-09-2021
Femenino,64,Sac 0800,Taller,Transformacion pacifica de conflictos,22-09-2021,29-09-2021
Femenino,42,Sac 0800,Taller,Transformacion pacifica de conflictos,22-09-2021,29-09-2021
Femenino,38,Direccion general de recursos humanos,Taller,Transformacion pacifica de conflictos,22-09-2021,29-09-2021
Femenino,44,Atencion al ciudadano,Taller,Transformacion pacifica de conflictos,22-09-2021,29-09-2021
Femenino,33,Sac 0800,Taller,Transformacion pacifica de conflictos,22-09-2021,29-09-2021
Femenino,37,Division de centro de control y abastecimiento,Taller,Seguridad e higiene,23-09-2021,23-09-2021
Masculino,52,Direccion de inspeccion comercial,Taller,Seguridad e higiene,23-09-2021,23-09-2021
Masculino,57,Direccion general de bromatologia y abastecimiento,Taller,Seguridad e higiene,23-09-2021,23-09-2021
Masculino,34,Direccion de gestion de procesos de atencion ciudadana,Taller,Seguridad e higiene,23-09-2021,23-09-2021
Masculino,61,Direccion de inspeccion comercial,Taller,Seguridad e higiene,23-09-2021,23-09-2021
Masculino,55,Direccion de abastecimiento y transporte alimentario,Taller,Seguridad e higiene,23-09-2021,23-09-2021
Femenino,55,Acor,Taller,La escritura,27-09-2021,06-10-2021
Masculino,43,Subsecretaria de transito,Taller,La escritura,27-09-2021,06-10-2021
NULL,NULL,Eco trueque,Taller,La escritura,27-09-2021,06-10-2021
Femenino,58,Atencion al ciudadano,Taller,La escritura,27-09-2021,06-10-2021
Femenino,40,Delegacion municipal,Taller,La escritura,27-09-2021,06-10-2021
Femenino,39,Cdi mitai roga,Taller,La escritura,27-09-2021,06-10-2021
Femenino,55,Direccion de desarrollo y mantenimiento de la tecnologia,Taller,La escritura,27-09-2021,06-10-2021
Masculino,61,Subsecretaria de Salud,Taller,La escritura,27-09-2021,06-10-2021
NULL,NULL,Guardia urbana,Taller,La escritura,27-09-2021,06-10-2021
Femenino,51,Delegacion municipal,Taller,La escritura,27-09-2021,06-10-2021
NULL,NULL,Cdi mitai roga,Taller,La escritura,27-09-2021,06-10-2021
Femenino,46,Transito,Taller,La escritura,27-09-2021,06-10-2021
Femenino,52,Direccion de coordinacion logistica y operativos,Taller,La escritura,27-09-2021,06-10-2021
Femenino,64,Sac,Taller,La escritura,27-09-2021,06-10-2021
Femenino,22,Delegacion municipal,Taller,La escritura,27-09-2021,06-10-2021
Femenino,37,Centro Emisor de licencias,Taller,La escritura,27-09-2021,06-10-2021
Femenino,41,Direccion de habilitaciones de transporte,Taller,La escritura,27-09-2021,06-10-2021
Femenino,45,Acor,Taller,La escritura,27-09-2021,06-10-2021
Femenino,41,Delegacion municipal,Taller,La escritura,27-09-2021,06-10-2021
Femenino,26,Direccion general rrhh,Taller,La escritura,27-09-2021,06-10-2021
Femenino,48,Guardia urbana,Taller,La escritura,27-09-2021,06-10-2021
Femenino,52,Secretaria de espacios verdes,Taller,La escritura,27-09-2021,06-10-2021
Femenino,36,Administrativo,Taller,La escritura,27-09-2021,06-10-2021
Femenino,44,Direccion general de despacho,Curso,Curso de pintura,01-10-2021,30-10-2021
Masculino,61,Subsecretaria de salud,Curso,Curso de pintura,01-10-2021,30-10-2021
Masculino,43,Subsecretaria de transito,Curso,Curso de pintura,01-10-2021,30-10-2021
Femenino,38,Direccion general de despacho,Curso,Curso de pintura,01-10-2021,30-10-2021
Masculino,44,Tribunal de faltas,Curso,Curso de pintura,01-10-2021,30-10-2021
Femenino,38,Cdi mitai roga,Curso,Curso de pintura,01-10-2021,30-10-2021
Femenino,63,Cdi mitai roga,Curso,Curso de pintura,01-10-2021,30-10-2021
Masculino,45,Honorable concejo deliberante,Charla,Tramitacion online ciclo de inspecciones y final de obra,05-10-2021,05-10-2021
Masculino,62,Subsecretaria de salud,Charla,Tramitacion online ciclo de inspecciones y final de obra,05-10-2021,05-10-2021
Femenino,46,Dirieccion de conservacion del patrimonio,Charla,Tramitacion online ciclo de inspecciones y final de obra,05-10-2021,05-10-2021
Masculino,56,Departamento de liquidaciones y visado,Charla,Tramitacion online ciclo de inspecciones y final de obra,05-10-2021,05-10-2021
Femenino,27,Direccion General de sistemas de informacion geografica,Charla,Tramitacion online ciclo de inspecciones y final de obra,05-10-2021,05-10-2021
Femenino,30,Desarrollo urbano,Charla,Tramitacion online ciclo de inspecciones y final de obra,05-10-2021,05-10-2021
Femenino,30,Desarrollo urbano,Charla,Tramitacion online ciclo de inspecciones y final de obra,05-10-2021,05-10-2021
Femenino,59,Departamento de tierras municipales y espacios publicos,Charla,Tramitacion online ciclo de inspecciones y final de obra,05-10-2021,05-10-2021
Femenino,25,Subsecretaria de planificacion urbana,Charla,Tramitacion online ciclo de inspecciones y final de obra,05-10-2021,05-10-2021
Femenino,46,Direccion general de integracion sociourbana,Charla,Tramitacion online ciclo de inspecciones y final de obra,05-10-2021,05-10-2021
Masculino,39,Departamento de saneamiento urbano,Charla,Tramitacion online ciclo de inspecciones y final de obra,05-10-2021,05-10-2021
Masculino,41,Infraestructura,Charla,Tramitacion online ciclo de inspecciones y final de obra,05-10-2021,05-10-2021
Masculino,38,Coordinacion de gobierno,Charla,Tramitacion online ciclo de inspecciones y final de obra,05-10-2021,05-10-2021
Femenino,56,Direccion de obras particulares,Charla,Tramitacion online ciclo de inspecciones y final de obra,05-10-2021,05-10-2021
Masculino,34,Direccion general  de fiscalizacion urbana,Tutorial,Sistema de autogestion de tramites,05-10-2021,05-10-2021
Masculino,62,Direccion general de limpieza urbana,Tutorial,Sistema de autogestion de tramites,05-10-2021,05-10-2021
Masculino,65,Subsecretaria de contralor ambiental,Tutorial,Sistema de autogestion de tramites,05-10-2021,05-10-2021
Masculino,62,Subsecretaria de salud,Tutorial,Sistema de autogestion de tramites,05-10-2021,05-10-2021
Masculino,38,Coordinacion de gobierno,Tutorial,Sistema de autogestion de tramites,05-10-2021,05-10-2021
Femenino,62,Subsecretaria de salud,Taller,Stand up contra el acoso callejero,07-10-2021,07-10-2021
Femenino,48,Subsecretaria de coordinacion politica,Taller,Stand up contra el acoso callejero,07-10-2021,07-10-2021
Femenino,35,Cdi Mitai Roga,Taller,Stand up contra el acoso callejero,07-10-2021,07-10-2021
Femenino,37,Juzgado de faltas,Taller,Stand up contra el acoso callejero,07-10-2021,07-10-2021
Femenino,32,Secretaria de turismo cultura y deportes,Curso,Excel nivel 1,09-10-2021,29-10-2021
Femenino,33,Jefatura de personal,Curso,Excel nivel 1,09-10-2021,29-10-2021
Femenino,43,Direccion general de playas,Curso,Excel nivel 1,09-10-2021,29-10-2021
Masculino,38,Punta tacuara,Curso,Excel nivel 1,09-10-2021,29-10-2021
Masculino,48,Promocion turistica,Curso,Excel nivel 1,09-10-2021,29-10-2021
Masculino,26,Punta tacuara,Curso,Excel nivel 1,09-10-2021,29-10-2021
Femenino,32,Centro de informes,Curso,Excel nivel 1,09-10-2021,29-10-2021
Femenino,59,Subsecretaria de turismo,Curso,Excel nivel 1,09-10-2021,29-10-2021
Femenino,37,Direccion general de desarrollo turistico,Curso,Excel nivel 1,09-10-2021,29-10-2021
Femenino,40,Punta tacuara,Curso,Excel nivel 1,09-10-2021,29-10-2021
Femenino,27,Administracion,Curso,Excel nivel 1,09-10-2021,29-10-2021
Femenino,31,Direccion general de grandes eventos,Curso,Excel nivel 1,09-10-2021,29-10-2021
Masculino,35,Direccion general de desarrollo turistico,Curso,Excel nivel 1,09-10-2021,29-10-2021
Femenino,51,Direccion general de legal y administracion,Curso,Excel nivel 1,09-10-2021,29-10-2021
Femenino,42,Cdi mitai roga,Curso,Herramientas de google,26-10-2021,10-11-2021
Femenino,28,Subsecretaria de politicas sociales,Curso,Herramientas de google,26-10-2021,10-11-2021
Femenino,34,Direccion de genero y diversidad,Curso,Herramientas de google,26-10-2021,10-11-2021
Femenino,28,Libreta sanitaria,Curso,Herramientas de google,26-10-2021,10-11-2021
Femenino,42,Delegacion municipal,Curso,Herramientas de google,26-10-2021,10-11-2021
Femenino,37,Direccion de ninez adolescencia y familia,Curso,Herramientas de google,26-10-2021,10-11-2021
Femenino,48,Subsecretaria de politicas sociales,Curso,Herramientas de google,26-10-2021,10-11-2021
Femenino,40,Direccion de adultos mayores,Curso,Herramientas de google,26-10-2021,10-11-2021
Femenino,39,Direccion general de adultos mayores,Curso,Herramientas de google,26-10-2021,10-11-2021
Femenino,47,Odontologia,Jornada,Jornada odontologica municipal ,27-10-2021,27-10-2021
Masculino,51,Atencion primaria de salud,Jornada,Jornada odontologica municipal ,27-10-2021,27-10-2021
Femenino,49,Saps,Jornada,Jornada odontologica municipal ,27-10-2021,27-10-2021
Masculino,34,Saps,Jornada,Jornada odontologica municipal ,27-10-2021,27-10-2021
Femenino,38,Subsecretaria de salud,Jornada,Jornada odontologica municipal ,27-10-2021,27-10-2021
Femenino,59,Secretaria de salud,Jornada,Jornada odontologica municipal ,27-10-2021,27-10-2021
Masculino,56,Saps,Jornada,Jornada odontologica municipal ,27-10-2021,27-10-2021
Femenino,39,Saps,Jornada,Jornada odontologica municipal ,27-10-2021,27-10-2021
Masculino,47,Saps,Jornada,Jornada odontologica municipal ,27-10-2021,27-10-2021
Femenino,57,Saps,Jornada,Jornada odontologica municipal ,27-10-2021,27-10-2021
Femenino,29,Subsecretaria de salud,Jornada,Jornada odontologica municipal ,27-10-2021,27-10-2021
Femenino,35,Subsecretaria de salud,Jornada,Jornada odontologica municipal ,27-10-2021,27-10-2021
Femenino,42,Subsecretaria de salud,Jornada,Jornada odontologica municipal ,27-10-2021,27-10-2021
Masculino,35,Saps,Jornada,Jornada odontologica municipal ,27-10-2021,27-10-2021
Femenino,62,Subsecretaria de salud,Jornada,Jornada odontologica municipal ,27-10-2021,27-10-2021
Masculino,41,Subsecretaria de salud,Jornada,Jornada odontologica municipal ,27-10-2021,27-10-2021
Femenino,38,Saps,Jornada,Jornada odontologica municipal ,27-10-2021,27-10-2021
Masculino,35,Saps,Jornada,Jornada odontologica municipal ,27-10-2021,27-10-2021
Masculino,39,Saps,Jornada,Jornada odontologica municipal ,27-10-2021,27-10-2021
Masculino,35,Saps,Jornada,Jornada odontologica municipal ,27-10-2021,27-10-2021
Femenino,40,Saps,Jornada,Jornada odontologica municipal ,27-10-2021,27-10-2021
Masculino,50,Saps,Jornada,Jornada odontologica municipal ,27-10-2021,27-10-2021
Femenino,43,Subsecretaria de salud,Jornada,Jornada odontologica municipal ,27-10-2021,27-10-2021
Femenino,61,Saps,Jornada,Jornada odontologica municipal ,27-10-2021,27-10-2021
Femenino,34,Saps,Jornada,Jornada odontologica municipal ,27-10-2021,27-10-2021
Masculino,53,Saps,Jornada,Jornada odontologica municipal ,27-10-2021,27-10-2021
Femenino,49,Subsecretaria de salud,Jornada,Jornada odontologica municipal ,27-10-2021,27-10-2021
Femenino,40,Saps,Jornada,Jornada odontologica municipal ,27-10-2021,27-10-2021
Femenino,46,Saps,Jornada,Jornada odontologica municipal ,27-10-2021,27-10-2021
Femenino,49,Saps,Jornada,Jornada odontologica municipal ,27-10-2021,27-10-2021
Femenino,42,Subsecretaria de salud,Jornada,Jornada odontologica municipal ,27-10-2021,27-10-2021
Femenino,-,Saps,Jornada,Jornada odontologica municipal ,27-10-2021,27-10-2021
Femenino,43,Saps,Jornada,Jornada odontologica municipal ,27-10-2021,27-10-2021
NULL,NULL,Tramites,Curso,Comunicacion oral y escrita,28-10-2021,05-11-2021
Masculino,35,Departamento de inmuebles,Curso,Comunicacion oral y escrita,28-10-2021,05-11-2021
Femenino,51,Departamento de comunicacion,Curso,Comunicacion oral y escrita,28-10-2021,05-11-2021
Masculino,46,Rodados,Curso,Comunicacion oral y escrita,28-10-2021,05-11-2021
NULL,NULL,Call center,Curso,Comunicacion oral y escrita,28-10-2021,05-11-2021
Femenino,43,Direccion de catastro,Curso,Comunicacion oral y escrita,28-10-2021,05-11-2021
Femenino,35,Departamento de comunicacion,Curso,Comunicacion oral y escrita,28-10-2021,05-11-2021
Masculino,60,Direccion de gestion de deudas,Curso,Comunicacion oral y escrita,28-10-2021,05-11-2021
Masculino,35,Departamento de inmuebles,Curso,Comunicacion oral y escrita,28-10-2021,05-11-2021
Masculino,25,Tasas varias,Curso,Comunicacion oral y escrita,28-10-2021,05-11-2021
Femenino,54,Direccion de catastro,Curso,Comunicacion oral y escrita,28-10-2021,05-11-2021
Femenino,40,Tasas varias,Curso,Comunicacion oral y escrita,28-10-2021,05-11-2021
Femenino,53,Asesoria legal,Curso,Comunicacion oral y escrita,28-10-2021,05-11-2021
Femenino,53,Gestion de deudas,Curso,Comunicacion oral y escrita,28-10-2021,05-11-2021
NULL,NULL,Gestion de deudas,Curso,Comunicacion oral y escrita,28-10-2021,05-11-2021
NULL,NULL,Call center,Curso,Comunicacion oral y escrita,28-10-2021,05-11-2021
Femenino,45,Liquidacion,Curso,Comunicacion oral y escrita,28-10-2021,05-11-2021
Femenino,55,Gestion de deudas,Curso,Comunicacion oral y escrita,28-10-2021,05-11-2021
Femenino,42,Gestion de deudas,Curso,Comunicacion oral y escrita,28-10-2021,05-11-2021
Femenino,51,Rodados,Curso,Comunicacion oral y escrita,28-10-2021,05-11-2021
Femenino,56,Subsecretaria de contralor ambiental,Taller,Elaboracion de actas,11-11-2021,25-11-2021
Masculino,37,Subsecretaria de contralor ambiental,Taller,Elaboracion de actas,11-11-2021,25-11-2021
Masculino,61,Subsecretaria de contralor ambiental,Taller,Elaboracion de actas,11-11-2021,25-11-2021
Masculino,56,Subsecretaria de contralor ambiental,Taller,Elaboracion de actas,11-11-2021,25-11-2021
NULL,NULL,Atencion al ciudadano,Curso,Atencion al ciudadano a traves de las redes sociales,11-11-2021,12-11-2021
NULL,NULL,Atencion al ciudadano,Curso,Atencion al ciudadano a traves de las redes sociales,11-11-2021,12-11-2021
NULL,NULL,Atencion al ciudadano,Curso,Atencion al ciudadano a traves de las redes sociales,11-11-2021,12-11-2021
NULL,NULL,Atencion al ciudadano,Curso,Atencion al ciudadano a traves de las redes sociales,11-11-2021,12-11-2021
NULL,NULL,Atencion al ciudadano,Curso,Atencion al ciudadano a traves de las redes sociales,11-11-2021,12-11-2021
NULL,NULL,Atencion al ciudadano,Curso,Atencion al ciudadano a traves de las redes sociales,11-11-2021,12-11-2021
NULL,NULL,Atencion al ciudadano,Curso,Atencion al ciudadano a traves de las redes sociales,11-11-2021,12-11-2021
Femenino,24,Subsecretaria de salud,Jornada,Jornada de enfermeria,19-11-2021,20-11-2021
Femenino,53,Samun,Jornada,Jornada de enfermeria,19-11-2021,20-11-2021
Masculino,55,Saps,Jornada,Jornada de enfermeria,19-11-2021,20-11-2021
Femenino,63,Saps,Jornada,Jornada de enfermeria,19-11-2021,20-11-2021
Femenino,49,Saps,Jornada,Jornada de enfermeria,19-11-2021,20-11-2021
Femenino,42,Saps,Jornada,Jornada de enfermeria,19-11-2021,20-11-2021
Femenino,56,Enfermeria,Jornada,Jornada de enfermeria,19-11-2021,20-11-2021
Femenino,49,Saps,Jornada,Jornada de enfermeria,19-11-2021,20-11-2021
Femenino,54,Saps,Jornada,Jornada de enfermeria,19-11-2021,20-11-2021
Masculino,57,Saps,Jornada,Jornada de enfermeria,19-11-2021,20-11-2021
Femenino,48,Saps,Jornada,Jornada de enfermeria,19-11-2021,20-11-2021
Femenino,43,Saps,Jornada,Jornada de enfermeria,19-11-2021,20-11-2021
Femenino,47,Saps,Jornada,Jornada de enfermeria,19-11-2021,20-11-2021
Femenino,48,Saps,Jornada,Jornada de enfermeria,19-11-2021,20-11-2021
Femenino,54,Saps,Jornada,Jornada de enfermeria,19-11-2021,20-11-2021
Femenino,42,Samun,Jornada,Jornada de enfermeria,19-11-2021,20-11-2021
Femenino,42,Saps,Jornada,Jornada de enfermeria,19-11-2021,20-11-2021
Femenino,50,Saps,Jornada,Jornada de enfermeria,19-11-2021,20-11-2021
Femenino,50,Saps,Jornada,Jornada de enfermeria,19-11-2021,20-11-2021
Femenino,49,Saps,Jornada,Jornada de enfermeria,19-11-2021,20-11-2021
Masculino,44,Saps,Jornada,Jornada de enfermeria,19-11-2021,20-11-2021
NULL,NULL,Saps,Jornada,Jornada de enfermeria,19-11-2021,20-11-2021
Masculino,53,Saps,Jornada,Jornada de enfermeria,19-11-2021,20-11-2021
Masculino,52,Saps,Jornada,Jornada de enfermeria,19-11-2021,20-11-2021
Femenino,51,Saps,Jornada,Jornada de enfermeria,19-11-2021,20-11-2021
Femenino,57,Saps,Jornada,Jornada de enfermeria,19-11-2021,20-11-2021
Masculino,57,Saps,Jornada,Jornada de enfermeria,19-11-2021,20-11-2021
Femenino,66,Saps,Jornada,Jornada de enfermeria,19-11-2021,20-11-2021
Femenino,38,Saps,Jornada,Jornada de enfermeria,19-11-2021,20-11-2021
Femenino,52,Saps,Jornada,Jornada de enfermeria,19-11-2021,20-11-2021
Femenino,46,Subsecretaria De Contralor Ambiental,Taller,Practicas administrativas,1/12/2021,1/12/2021
Femenino,55,Subsecretaria Contralor Ambiental,Taller,Practicas administrativas,1/12/2021,1/12/2021
Femenino,58,Direccion De Abastecimiento Y Transporte Alimentario ,Taller,Practicas administrativas,1/12/2021,1/12/2021
Femenino,58,Direccion De Inspeccion  Comercial ,Taller,Practicas administrativas,1/12/2021,1/12/2021
Femenino,28,Subsecretaria De Contralor Ambiental,Taller,Practicas administrativas,1/12/2021,1/12/2021
Masculino,53,Sub Secretaria De Ambiente,Taller,Practicas administrativas,1/12/2021,1/12/2021
Femenino,45,Subsecretaria De Contralor Ambiental ,Taller,Practicas administrativas,1/12/2021,1/12/2021
Masculino,59,Subsecretaria De Contralor Ambiental ,Taller,Practicas administrativas,1/12/2021,1/12/2021
Femenino,48,Inspeccion Comercial,Taller,Practicas administrativas,1/12/2021,1/12/2021
Masculino,53,Direccion De Inspeccion Comercial,Taller,Practicas administrativas,1/12/2021,1/12/2021
Femenino,64,Dir. De Inspeccion Comercial,Taller,Practicas administrativas,1/12/2021,1/12/2021
Femenino,47,Subsecretaria De Contralor Ambiental ,Taller,Practicas administrativas,1/12/2021,1/12/2021
Masculino,55,Sube Secretaria De Ambiente,Taller,Practicas administrativas,1/12/2021,1/12/2021
Masculino,57,Subsecretaria De Contralor Ambiental,Taller,Practicas administrativas,1/12/2021,1/12/2021
Masculino,53,Subsecretaria De Contralor Ambiental ,Taller,Practicas administrativas,1/12/2021,1/12/2021
Femenino,34,Transporte De Productos Alimenticios,Taller,Practicas administrativas,1/12/2021,1/12/2021
Femenino,34,Subsecretaria De Contralor Ambiental,Taller,Practicas administrativas,1/12/2021,1/12/2021